image,gsm
gsm\1-173\WIN_20260116_16_20_57_Pro.jpg,173
gsm\1-173\WIN_20260116_16_21_04_Pro.jpg,173
gsm\1-173\WIN_20260116_16_21_14_Pro.jpg,173
gsm\1-173\WIN_20260116_16_21_28_Pro.jpg,173
gsm\1-173\WIN_20260116_16_21_36_Pro.jpg,173
gsm\1-97\WIN_20260120_18_36_52_Pro.jpg,97
gsm\1-97\WIN_20260120_18_36_59_Pro.jpg,97
gsm\1-97\WIN_20260120_18_37_07_Pro.jpg,97
gsm\1-97\WIN_20260120_18_37_22_Pro.jpg,97
gsm\1-97\WIN_20260120_18_37_30_Pro.jpg,97
gsm\1-97\WIN_20260120_18_37_33_Pro.jpg,97
gsm\10-88\WIN_20260120_18_53_51_Pro.jpg,88
gsm\10-88\WIN_20260120_18_53_55_Pro.jpg,88
gsm\10-88\WIN_20260120_18_54_01_Pro.jpg,88
gsm\10-88\WIN_20260120_18_54_05_Pro.jpg,88
gsm\10-88\WIN_20260120_18_54_07_Pro.jpg,88
gsm\12-98\WIN_20260120_18_57_11_Pro.jpg,98
gsm\12-98\WIN_20260120_18_57_14_Pro.jpg,98
gsm\12-98\WIN_20260120_18_57_16_Pro.jpg,98
gsm\12-98\WIN_20260120_18_57_19_Pro.jpg,98
gsm\12-98\WIN_20260120_18_57_23_Pro.jpg,98
gsm\13-90\WIN_20260120_18_59_40_Pro.jpg,90
gsm\13-90\WIN_20260120_18_59_43_Pro.jpg,90
gsm\13-90\WIN_20260120_18_59_48_Pro.jpg,90
gsm\13-90\WIN_20260120_18_59_55_Pro.jpg,90
gsm\13-90\WIN_20260120_19_00_02_Pro.jpg,90
gsm\15-100\WIN_20260120_19_01_40_Pro.jpg,100
gsm\15-100\WIN_20260120_19_01_44_Pro.jpg,100
gsm\15-100\WIN_20260120_19_01_47_Pro.jpg,100
gsm\15-100\WIN_20260120_19_01_50_Pro.jpg,100
gsm\15-100\WIN_20260120_19_01_56_Pro.jpg,100
gsm\16-88\WIN_20260120_19_04_24_Pro.jpg,88
gsm\16-88\WIN_20260120_19_04_27_Pro.jpg,88
gsm\16-88\WIN_20260120_19_04_29_Pro.jpg,88
gsm\16-88\WIN_20260120_19_04_32_Pro.jpg,88
gsm\16-88\WIN_20260120_19_04_40_Pro.jpg,88
gsm\17-99\WIN_20260120_19_08_14_Pro.jpg,99
gsm\17-99\WIN_20260120_19_08_28_Pro.jpg,99
gsm\17-99\WIN_20260120_19_08_32_Pro.jpg,99
gsm\17-99\WIN_20260120_19_08_39_Pro.jpg,99
gsm\17-99\WIN_20260120_19_08_41_Pro.jpg,99
gsm\18-102\WIN_20260120_19_10_04_Pro.jpg,102
gsm\18-102\WIN_20260120_19_10_07_Pro.jpg,102
gsm\18-102\WIN_20260120_19_10_10_Pro.jpg,102
gsm\18-102\WIN_20260120_19_10_13_Pro.jpg,102
gsm\18-102\WIN_20260120_19_10_16_Pro.jpg,102
gsm\19-88\WIN_20260120_19_10_41_Pro.jpg,88
gsm\19-88\WIN_20260120_19_10_43_Pro.jpg,88
gsm\19-88\WIN_20260120_19_10_46_Pro.jpg,88
gsm\19-88\WIN_20260120_19_10_53_Pro.jpg,88
gsm\19-88\WIN_20260120_19_10_58_Pro.jpg,88
gsm\2-135\WIN_20260116_16_22_31_Pro.jpg,135
gsm\2-135\WIN_20260116_16_22_37_Pro.jpg,135
gsm\2-135\WIN_20260116_16_22_46_Pro.jpg,135
gsm\2-135\WIN_20260116_16_22_51_Pro.jpg,135
gsm\2-135\WIN_20260116_16_23_03_Pro.jpg,135
gsm\2-91\WIN_20260120_18_41_51_Pro.jpg,91
gsm\2-91\WIN_20260120_18_41_54_Pro.jpg,91
gsm\2-91\WIN_20260120_18_41_56_Pro.jpg,91
gsm\2-91\WIN_20260120_18_41_58_Pro.jpg,91
gsm\20-100\WIN_20260120_19_11_23_Pro.jpg,100
gsm\20-100\WIN_20260120_19_11_25_Pro.jpg,100
gsm\20-100\WIN_20260120_19_11_27_Pro.jpg,100
gsm\20-100\WIN_20260120_19_11_29_Pro.jpg,100
gsm\20-100\WIN_20260120_19_11_31_Pro.jpg,100
gsm\20-100\WIN_20260120_19_11_34_Pro.jpg,100
gsm\20-100\WIN_20260120_19_11_41_Pro.jpg,100
gsm\20-100\WIN_20260120_19_11_44_Pro.jpg,100
gsm\21-94\WIN_20260120_19_06_58_Pro.jpg,94
gsm\21-94\WIN_20260120_19_07_00_Pro.jpg,94
gsm\21-94\WIN_20260120_19_07_06_Pro.jpg,94
gsm\21-94\WIN_20260120_19_07_08_Pro.jpg,94
gsm\21-94\WIN_20260120_19_07_10_Pro.jpg,94
gsm\22-173\WIN_20260116_15_10_35_Pro.jpg,173
gsm\22-173\WIN_20260116_15_10_52_Pro.jpg,173
gsm\22-173\WIN_20260116_15_11_07_Pro.jpg,173
gsm\22-173\WIN_20260116_15_11_15_Pro.jpg,173
gsm\22-173\WIN_20260116_15_11_24_Pro.jpg,173
gsm\23-297\WIN_20260116_15_13_50_Pro.jpg,297
gsm\23-297\WIN_20260116_15_13_58_Pro.jpg,297
gsm\23-297\WIN_20260116_15_14_03_Pro.jpg,297
gsm\23-297\WIN_20260116_15_14_10_Pro.jpg,297
gsm\23-297\WIN_20260116_15_14_15_Pro.jpg,297
gsm\24-255\WIN_20260116_15_14_54_Pro.jpg,255
gsm\24-255\WIN_20260116_15_15_09_Pro.jpg,255
gsm\24-255\WIN_20260116_15_15_17_Pro.jpg,255
gsm\24-255\WIN_20260116_15_15_26_Pro.jpg,255
gsm\24-255\WIN_20260116_15_15_32_Pro.jpg,255
gsm\25-135\WIN_20260116_15_16_32_Pro.jpg,135
gsm\25-135\WIN_20260116_15_16_41_Pro.jpg,135
gsm\25-135\WIN_20260116_15_16_47_Pro.jpg,135
gsm\25-135\WIN_20260116_15_16_54_Pro.jpg,135
gsm\25-135\WIN_20260116_15_17_02_Pro.jpg,135
gsm\26-100\WIN_20260116_15_18_03_Pro.jpg,100
gsm\26-100\WIN_20260116_15_18_09_Pro.jpg,100
gsm\26-100\WIN_20260116_15_18_16_Pro.jpg,100
gsm\26-100\WIN_20260116_15_18_32_Pro.jpg,100
gsm\26-100\WIN_20260116_15_18_43_Pro.jpg,100
gsm\27-158\WIN_20260116_15_20_17_Pro.jpg,158
gsm\27-158\WIN_20260116_15_20_25_Pro.jpg,158
gsm\27-158\WIN_20260116_15_20_30_Pro.jpg,158
gsm\27-158\WIN_20260116_15_20_39_Pro.jpg,158
gsm\27-158\WIN_20260116_15_20_53_Pro.jpg,158
gsm\28-101\WIN_20260116_15_22_16_Pro.jpg,101
gsm\28-101\WIN_20260116_15_22_27_Pro.jpg,101
gsm\28-101\WIN_20260116_15_22_30_Pro.jpg,101
gsm\28-101\WIN_20260116_15_22_35_Pro.jpg,101
gsm\28-101\WIN_20260116_15_22_43_Pro.jpg,101
gsm\29-183\WIN_20260116_15_23_44_Pro.jpg,183
gsm\29-183\WIN_20260116_15_23_47_Pro.jpg,183
gsm\29-183\WIN_20260116_15_23_51_Pro.jpg,183
gsm\29-183\WIN_20260116_15_23_56_Pro.jpg,183
gsm\29-183\WIN_20260116_15_24_00_Pro.jpg,183
gsm\3-100\WIN_20260120_18_44_36_Pro.jpg,100
gsm\3-100\WIN_20260120_18_44_37_Pro.jpg,100
gsm\3-100\WIN_20260120_18_44_40_Pro.jpg,100
gsm\3-100\WIN_20260120_18_44_43_Pro.jpg,100
gsm\3-100\WIN_20260120_18_44_45_Pro.jpg,100
gsm\3-100\WIN_20260120_18_44_47_Pro.jpg,100
gsm\3-183\WIN_20260116_16_23_43_Pro.jpg,183
gsm\3-183\WIN_20260116_16_23_48_Pro.jpg,183
gsm\3-183\WIN_20260116_16_23_56_Pro.jpg,183
gsm\3-183\WIN_20260116_16_24_00_Pro.jpg,183
gsm\3-183\WIN_20260116_16_24_05_Pro.jpg,183
gsm\30-173\WIN_20260116_15_27_25_Pro.jpg,173
gsm\30-173\WIN_20260116_15_27_30_Pro.jpg,173
gsm\30-173\WIN_20260116_15_27_33_Pro.jpg,173
gsm\30-173\WIN_20260116_15_27_36_Pro.jpg,173
gsm\30-173\WIN_20260116_15_27_41_Pro.jpg,173
gsm\31-329\WIN_20260121_11_29_30_Pro.jpg,329
gsm\31-329\WIN_20260121_11_29_31_Pro.jpg,329
gsm\31-329\WIN_20260121_11_29_32_Pro.jpg,329
gsm\31-329\WIN_20260121_11_29_33_Pro.jpg,329
gsm\31-329\WIN_20260121_11_29_34_Pro.jpg,329
gsm\31-329\WIN_20260121_11_29_35_Pro.jpg,329
gsm\31-329\WIN_20260121_11_29_36_Pro.jpg,329
gsm\31-329\WIN_20260121_11_29_37_Pro.jpg,329
gsm\31-329\WIN_20260121_11_29_38_Pro (2).jpg,329
gsm\31-329\WIN_20260121_11_29_38_Pro.jpg,329
gsm\4-100\WIN_20260116_16_24_25_Pro.jpg,100
gsm\4-100\WIN_20260116_16_24_29_Pro.jpg,100
gsm\4-100\WIN_20260116_16_24_38_Pro.jpg,100
gsm\4-100\WIN_20260116_16_24_47_Pro.jpg,100
gsm\4-100\WIN_20260116_16_24_51_Pro.jpg,100
gsm\4-102\WIN_20260120_18_43_22_Pro.jpg,102
gsm\4-102\WIN_20260120_18_43_24_Pro.jpg,102
gsm\4-102\WIN_20260120_18_43_31_Pro.jpg,102
gsm\4-102\WIN_20260120_18_43_36_Pro.jpg,102
gsm\4-102\WIN_20260120_18_44_16_Pro.jpg,102
gsm\4-102\WIN_20260120_18_44_36_Pro.jpg,102
gsm\5-100\WIN_20260120_18_46_58_Pro.jpg,100
gsm\5-100\WIN_20260120_18_47_00_Pro.jpg,100
gsm\5-100\WIN_20260120_18_47_14_Pro.jpg,100
gsm\5-100\WIN_20260120_18_47_16_Pro.jpg,100
gsm\5-173\WIN_20260116_16_25_27_Pro.jpg,173
gsm\5-173\WIN_20260116_16_25_37_Pro.jpg,173
gsm\5-173\WIN_20260116_16_25_42_Pro.jpg,173
gsm\5-173\WIN_20260116_16_25_51_Pro.jpg,173
gsm\5-173\WIN_20260116_16_25_59_Pro.jpg,173
gsm\6-158\WIN_20260116_16_26_37_Pro.jpg,158
gsm\6-158\WIN_20260116_16_26_42_Pro.jpg,158
gsm\6-158\WIN_20260116_16_26_52_Pro.jpg,158
gsm\6-158\WIN_20260116_16_27_07_Pro.jpg,158
gsm\6-158\WIN_20260116_16_27_16_Pro.jpg,158
gsm\6-98\WIN_20260120_18_48_14_Pro.jpg,98
gsm\6-98\WIN_20260120_18_48_20_Pro.jpg,98
gsm\6-98\WIN_20260120_18_48_24_Pro.jpg,98
gsm\6-98\WIN_20260120_18_48_29_Pro.jpg,98
gsm\7-297\WIN_20260116_16_28_13_Pro.jpg,297
gsm\7-297\WIN_20260116_16_28_17_Pro.jpg,297
gsm\7-297\WIN_20260116_16_28_23_Pro.jpg,297
gsm\7-297\WIN_20260116_16_28_28_Pro.jpg,297
gsm\7-297\WIN_20260116_16_28_33_Pro.jpg,297
gsm\7-297\WIN_20260116_16_28_40_Pro.jpg,297
gsm\7-297\WIN_20260116_16_28_43_Pro.jpg,297
gsm\7-297\WIN_20260116_16_28_48_Pro.jpg,297
gsm\7-297\WIN_20260116_16_28_52_Pro.jpg,297
gsm\7-297\WIN_20260116_16_28_55_Pro.jpg,297
gsm\7-92\WIN_20260120_18_49_29_Pro.jpg,92
gsm\7-92\WIN_20260120_18_49_31_Pro.jpg,92
gsm\7-92\WIN_20260120_18_49_34_Pro.jpg,92
gsm\7-92\WIN_20260120_18_49_37_Pro.jpg,92
gsm\8-100\WIN_20260116_16_29_32_Pro.jpg,100
gsm\8-100\WIN_20260116_16_29_36_Pro.jpg,100
gsm\8-100\WIN_20260116_16_29_39_Pro.jpg,100
gsm\8-100\WIN_20260116_16_29_46_Pro.jpg,100
gsm\8-100\WIN_20260116_16_29_54_Pro.jpg,100
gsm\8-100\WIN_20260116_16_29_58_Pro.jpg,100
gsm\8-100\WIN_20260116_16_30_04_Pro.jpg,100
gsm\8-89\WIN_20260120_18_51_58_Pro.jpg,89
gsm\8-89\WIN_20260120_18_52_00_Pro.jpg,89
gsm\8-89\WIN_20260120_18_52_01_Pro.jpg,89
gsm\8-89\WIN_20260120_18_52_04_Pro.jpg,89
gsm\8-89\WIN_20260120_18_52_05_Pro.jpg,89
gsm\9-97\WIN_20260120_18_52_58_Pro.jpg,97
gsm\9-97\WIN_20260120_18_53_05_Pro.jpg,97
gsm\9-97\WIN_20260120_18_53_13_Pro.jpg,97
gsm\9-97\WIN_20260120_18_53_16_Pro.jpg,97
